Type,Name,Request Count,Failure Count,Median Response Time,Average Response Time,Min Response Time,Max Response Time,Average Content Size,Requests/s,Failures/s,50%,66%,75%,80%,90%,95%,98%,99%,99.9%,99.99%,100%
GET,/api/v1/accounts,9,1,18000.0,19147.24280800005,12197.777876001055,42392.65617199999,1566.3333333333333,0.1835186909058232,0.02039096565620258,18000,18000,18000,22000,42000,42000,42000,42000,42000,42000,42000
POST,/api/v1/auth/login,32,1,30000.0,30590.132852031216,6283.4158040004695,47929.32557899985,405.15625,0.6525109009984825,0.02039096565620258,31000,38000,41000,41000,43000,46000,48000,48000,48000,48000,48000
,Aggregated,41,2,29000.0,28078.278939926815,6283.4158040004695,47929.32557899985,660.0487804878048,0.8360295919043058,0.04078193131240516,29000,36000,39000,41000,42000,44000,48000,48000,48000,48000,48000
